<?xml version="1.0" encoding="UTF-8" standalone="yes"?>
<addons>
<addon id="script.get.packages" name="MastaaaTV Installer" version="0.0.1" provider-name="Mastaaa1987.github.io">
	<requires>
		<import addon="xbmc.python" version="3.0.0"/>
	</requires>
	<extension point="xbmc.python.script" library="main.py">
		<provides>executable</provides>
	</extension>
	<extension point="xbmc.addon.metadata">
		<summary lang="de_DE">KODI-VAVOO-XSTREAM-TV-German</summary>
		<description lang="de_DE"></description>
		<language></language>
		<platform>all</platform>
		<license>unlicense</license>
		<forum></forum>
		<website></website>
		<email></email>
		<source></source>
		<news></news>
		<disclaimer></disclaimer>
		<assets>
			<icon>resources/icon.png</icon>
			<fanart>resources/fanart.jpg</fanart>
		</assets>
	</extension>
</addon>
<addon id="plugin.video.vavooto" name="VAVOO.TO" version="6.0.3.2-1" provider-name="kasi,michaz edit by Mastaaa">
	<requires>
		<import addon="script.module.vavoo" version="0.1.3.2" />
		<import addon="script.module.requests"/>
		<import addon="script.module.resolveurl"/>
		<import addon="inputstream.ffmpegdirect" optional="true" />
		<import addon="script.module.futures" optional="true" />
		<import addon="script.module.infotagger" optional="true" />
		<!-- only for debug -->
		<import addon="script.module.pydevd" optional="true"/>
	</requires>
	<extension point="xbmc.python.pluginsource" library="main.py">
		<provides>video</provides>
	</extension>
	<extension point="xbmc.service" library="service.py" start="startup" /> <!-- added by mastaaa -->
	<extension point="xbmc.python.module" library="resources" />
	<extension point="xbmc.addon.metadata">
		<assets>
			<icon>icon.png</icon>
		</assets>
		<news> 2024.08.28 - EPG Service layer hinzugefügt: Magenta TV, TVSpielfilme. und als Plot Info eingefügt in VAVOO. Sowie in der Deutschen Liste, Streams neu bennant und neu Gruppiert um die Liste kürzer zu halten. </news>
	</extension>
</addon>
<addon id="script.module.vavoo" name="Vavoosign" version="0.1.3.2" provider-name="michaz1988">
	<requires>
		<import addon="script.module.requests"/>
	</requires>
	<extension point="xbmc.python.module" library="lib" />
	<extension point="xbmc.addon.metadata">
		<assets>
			<icon>icon.png</icon>
		</assets>
	</extension>
</addon>
<addon id="plugin.video.xstream" name="xStream" version="4.1.1-1" provider-name="xStream-Team edit by Mastaaa">
	<requires>
		<import addon="xbmc.python" version="3.0.0"/>
		<import addon="script.module.requests"/>
		<import addon="script.module.resolveurl" version="5.1.67"/>
		<import addon="script.module.six" version="1.11.0"/>
		<import addon="repository.xstream" version="1.2.2"/>
		<import addon="repository.resolveurl" optional="true"/>
		<import addon="script.module.inputstreamhelper" version="0.3.3" optional="true"/>
		<import addon="script.module.web-pdb" version="1.5.6" optional="true"/>
		<import addon="script.module.pydevd" optional="true" />
	</requires>
	<extension point="xbmc.python.pluginsource" library="default.py">
		<provides>video</provides>
	</extension>
	<extension point="xbmc.service" library="service.py" start="startup" />
	<extension point="xbmc.addon.metadata">
		<summary lang="de">xStream: Das Original</summary>
		<summary lang="en_GB">xStream: The Original</summary>
		<description lang="de">xStream ist ein Video-Addon für Kodi. xStream dient als Suchmaschine für Filme und Serien auf verschiedenen Webseiten.</description>
		<description lang="en_GB">xStream is a video add-on for Kodi. xStream serves as a search engine for films and series on various websites.</description>
		<disclaimer lang="de">Sie können dieses Video Addon gerne verwenden. Der bereitgestellte Inhalt der Webseiten steht in keinem Bezug zu xStream oder den Entwicklern! Weitere Informationen finden Sie in unserer Wiki und FaQ.</disclaimer>
		<disclaimer lang="en_GB">You are welcome to use this video addon. The content provided on the websites has no connection to xStream or the developers! For more information, see our Wiki and FaQ.</disclaimer>
		<language>de en</language>
		<platform>all</platform>
		<license>GNU GENERAL PUBLIC LICENSE Version 3, 29 June 2007</license>
		<website>https://streamxstream.github.io/xStreamRepoWeb/</website>
		<source>https://github.com/streamxstream</source>
		<assets>
			<icon>resources/icon.png</icon>
			<fanart>resources/fanart.jpg</fanart>
			<banner>resources/banner.png</banner>
			<clearlogo>resources/clearlogo.png</clearlogo>
			<screenshot>resources/screenshot-01.jpg</screenshot>
			<screenshot>resources/screenshot-02.jpg</screenshot>
			<screenshot>resources/screenshot-03.jpg</screenshot>
			<screenshot>resources/screenshot-04.jpg</screenshot>
		</assets>
		<news>Site Plugin: Serienstream geändert, um die s.to domain auf 186.2.175.5 zu ändern und somit die DNS Sperre von Vodafone usw. zu umgehen.</news>
	</extension>
</addon>

<addon id="repository.mastaaa" name="Mastaaa's Repository" provider-name="Mastaaa" version="1.0">
	<extension point="xbmc.addon.repository" name="Mastaaa's Repository">
		<dir>
			<info compressed="false">https://mastaaa1987.github.io/repo/addons.xml</info>
			<checksum>https://mastaaa1987.github.io/repo/addons.xml.md5</checksum>
			<datadir zip="true">https://mastaaa1987.github.io/repo/</datadir>
		</dir>
		<dir>
			<info compressed="false">https://michaz1988.github.io/repo/addons.xml</info>
			<checksum>https://michaz1988.github.io/repo/addons.xml.md5</checksum>
			<datadir zip="true">https://michaz1988.github.io/repo/</datadir>
		</dir>
		<dir minversion="18.9.701" maxversion="19.9.700">
			<info compressed="false">https://raw.githubusercontent.com/streamxstream/xStreamRepo/repo/matrix/addons.xml</info>
			<checksum verify="sha256">https://raw.githubusercontent.com/streamxstream/xStreamRepo/repo/matrix/addons.xml.sha256</checksum>
			<datadir zip="true">https://raw.githubusercontent.com/streamxstream/xStreamRepo/repo/matrix/</datadir>
		</dir>
		 <dir minversion="19.9.701" maxversion="20.9.700">
			<info compressed="false">https://raw.githubusercontent.com/streamxstream/xStreamRepo/repo/nexus/addons.xml</info>
			<checksum verify="sha256">https://raw.githubusercontent.com/streamxstream/xStreamRepo/repo/nexus/addons.xml.sha256</checksum>
			<datadir zip="true">https://raw.githubusercontent.com/streamxstream/xStreamRepo/repo/nexus/</datadir>
		</dir>
		<dir minversion="20.9.910" maxversion="21.9.700">
			<info compressed="false">https://raw.githubusercontent.com/streamxstream/xStreamRepo/repo/omega/addons.xml</info>
			<checksum verify="sha256">https://raw.githubusercontent.com/streamxstream/xStreamRepo/repo/omega/addons.xml.sha256</checksum>
			<datadir zip="true">https://raw.githubusercontent.com/streamxstream/xStreamRepo/repo/omega/</datadir>
		</dir>
		<dir>
			<info compressed="false">https://slyguy.uk/.repo/addons.xml</info>
			<checksum>https://slyguy.uk/.repo/addons.xml.md5</checksum>
			<datadir zip="true">https://slyguy.uk/.repo/</datadir>
		</dir>
		<dir>
			<info compressed="false">https://raw.githubusercontent.com/jurialmunkey/repository.jurialmunkey/master/repo/zips/addons.xml</info>
			<checksum>https://raw.githubusercontent.com/jurialmunkey/repository.jurialmunkey/master/repo/zips/addons.xml.md5</checksum>
			<datadir zip="true">https://raw.githubusercontent.com/jurialmunkey/repository.jurialmunkey/master/repo/zips/</datadir>
		</dir>
		<dir minversion="18.0" maxversion="18.9.0">
			<info compressed="false">https://raw.githubusercontent.com/jurialmunkey/repository.jurialmunkey/master/leia/zips/addons.xml</info>
			<checksum>https://raw.githubusercontent.com/jurialmunkey/repository.jurialmunkey/master/leia/zips/addons.xml.md5</checksum>
			<datadir zip="true">https://raw.githubusercontent.com/jurialmunkey/repository.jurialmunkey/master/leia/zips/</datadir>
		</dir>
		<dir minversion="18.9.0" maxversion="19.9.0">
			<info compressed="false">https://raw.githubusercontent.com/jurialmunkey/repository.jurialmunkey/master/matrix/zips/addons.xml</info>
			<checksum>https://raw.githubusercontent.com/jurialmunkey/repository.jurialmunkey/master/matrix/zips/addons.xml.md5</checksum>
			<datadir zip="true">https://raw.githubusercontent.com/jurialmunkey/repository.jurialmunkey/master/matrix/zips/</datadir>
		</dir>
		<dir minversion="19.9.1">
			<info compressed="false">https://raw.githubusercontent.com/jurialmunkey/repository.jurialmunkey/master/nexusrepo/zips/addons.xml</info>
			<checksum>https://raw.githubusercontent.com/jurialmunkey/repository.jurialmunkey/master/nexusrepo/zips/addons.xml.md5</checksum>
			<datadir zip="true">https://raw.githubusercontent.com/jurialmunkey/repository.jurialmunkey/master/nexusrepo/zips/</datadir>
		</dir>
		<dir>
			<info compressed="true">https://repo.kodinerds.net/addons/addons.xml</info>
			<checksum>https://repo.kodinerds.net/addons/addons.xml.md5</checksum>
			<datadir zip="true">https://repo.kodinerds.net/addons</datadir>
			<hashes>false</hashes>
		</dir>
		<dir minversion="20.9.9" maxversion="21.9.0">
			<info compressed="true">https://repo.kodinerds.net/addons/omega/addons.xml</info>
			<checksum>https://repo.kodinerds.net/addons/omega/addons.xml.md5</checksum>
			<datadir zip="true">https://repo.kodinerds.net/addons/omega/zip/</datadir>
			<hashes>false</hashes>
		</dir>
		<dir minversion="20.0.0" maxversion="21.9.0">
			<info compressed="true">https://repo.kodinerds.net/addons/nexus/addons.xml</info>
			<checksum>https://repo.kodinerds.net/addons/nexus/addons.xml.md5</checksum>
			<datadir zip="true">https://repo.kodinerds.net/addons/nexus/zip/</datadir>
			<hashes>false</hashes>
		</dir>
		<dir minversion="19.0.0" maxversion="21.9.0">
			<info compressed="true">https://repo.kodinerds.net/addons/matrix/addons.xml</info>
			<checksum>https://repo.kodinerds.net/addons/matrix/addons.xml.md5</checksum>
			<datadir zip="true">https://repo.kodinerds.net/addons/matrix/zip/</datadir>
			<hashes>false</hashes>
		</dir>
		<dir minversion="18.0.0" maxversion="18.9.0">
			<info compressed="true">https://repo.kodinerds.net/addons/leia/addons.xml</info>
			<checksum>https://repo.kodinerds.net/addons/leia/addons.xml.md5</checksum>
			<datadir zip="true">https://repo.kodinerds.net/addons/leia/zip/</datadir>
			<hashes>false</hashes>
		</dir>
		<dir minversion="17.0.0" maxversion="18.9.0">
			<info compressed="true">https://repo.kodinerds.net/addons/krypton/addons.xml</info>
			<checksum>https://repo.kodinerds.net/addons/krypton/addons.xml.md5</checksum>
			<datadir zip="true">https://repo.kodinerds.net/addons/krypton/zip/</datadir>
			<hashes>false</hashes>
		</dir>
		<dir>
			<info compressed="false">https://raw.githubusercontent.com/Gujal00/smrzips/master/addons.xml</info>
			<checksum>https://raw.githubusercontent.com/Gujal00/smrzips/master/addons.xml.md5</checksum>
			<datadir zip="true">https://raw.githubusercontent.com/Gujal00/smrzips/master/zips/</datadir>
		</dir>
	</extension>
	<extension point="xbmc.addon.metadata">
		<platform>all</platform>
		<description lang="en">Addons by Mastaaa</description>
		<website>https://mastaaa1987.github.io</website>
		<assets>
			<icon>icon.png</icon>
		</assets>
	</extension>
</addon>
</addons>
