<addon id="script.get.packages" name="MastaaaTV Installer" version="0.0.1" provider-name="Mastaaa1987.github.io">
    <requires>
        <import addon="xbmc.python" version="3.0.0"/>
    </requires>
    <extension point="xbmc.python.script" library="main.py">
        <provides>executable</provides>
    </extension>
    <extension point="xbmc.addon.metadata">
        <summary lang="de_DE">KODI-VAVOO-XSTREAM-TV-German</summary>
        <description lang="de_DE"></description>
        <language></language>
        <platform>all</platform>
        <license>unlicense</license>
        <forum></forum>
        <website></website>
        <email></email>
        <source></source>
        <news></news>
        <disclaimer></disclaimer>
        <assets>
            <icon>resources/icon.png</icon>
            <fanart>resources/fanart.jpg</fanart>
        </assets>
    </extension>
</addon>
