<?xml version="1.0" encoding="UTF-8"?>
<addon id="plugin.video.vavooto" name="VAVOO.TO" version="6.0.3.2-1" provider-name="kasi,michaz edit by Mastaaa">
	<requires>
		<import addon="script.module.vavoo" version="0.1.3.2" />
		<import addon="script.module.requests"/>
		<import addon="script.module.resolveurl"/>
		<import addon="inputstream.ffmpegdirect" optional="true" />
		<import addon="script.module.futures" optional="true" />
		<import addon="script.module.infotagger" optional="true" />
		<!-- only for debug -->
		<import addon="script.module.pydevd" optional="true"/>
	</requires>
	<extension point="xbmc.python.pluginsource" library="main.py">
		<provides>video</provides>
	</extension>
	<extension point="xbmc.service" library="service.py" start="startup" /> <!-- added by mastaaa -->
	<extension point="xbmc.python.module" library="resources" />
	<extension point="xbmc.addon.metadata">
		<assets>
			<icon>icon.png</icon>
		</assets>
		<news> 2024.08.28 - EPG Service layer hinzugefügt: Magenta TV, TVSpielfilme. und als Plot Info eingefügt in VAVOO. Sowie in der Deutschen Liste, Streams neu bennant und neu Gruppiert um die Liste kürzer zu halten. </news>
	</extension>
</addon>
